event_date,city,city_abv,market_ticker,market_strike,low_range,high_range,forecast_avg,forecast_std,raw_yes_prob,outcome_yes,pnl_dollars,no_total_cost_dollars,net_position
2026-05-17,Chicago,CHI,KXHIGHCHI-26MAY17-B86.5,86.5,85.5,87.5,85.5,1.3,0.44,1,-290.33,290.26,-563
2026-05-17,Los Angeles,LAX,KXHIGHLAX-26MAY17-B68.5,68.5,67.5,69.5,69.0,1.4142135623730951,0.49,0,80.94,107.04,-188
2026-05-17,Los Angeles,LAX,KXHIGHLAX-26MAY17-B70.5,70.5,69.5,71.5,69.0,1.4142135623730951,0.32,1,-79.22,79.2,-176
2026-05-17,New York City,NY,KXHIGHNY-26MAY17-B87.5,87.5,86.5,88.5,89.0,1.2,0.32,1,-97.13,97.0696,-215
2026-05-17,Philadelphia,PHIL,KXHIGHPHIL-26MAY17-B90.5,90.5,89.5,91.5,90.0,1.3,0.53,0,7.2,6.792,-14
2026-05-17,Houston,THOU,KXHIGHTHOU-26MAY17-B87.5,87.5,86.5,88.5,87.5,1.9,0.4,1,-36.419999999999995,36.419,-78
2026-05-17,New Orleans,TNOLA,KXHIGHTNOLA-26MAY17-B84.5,84.5,83.5,85.5,85.0,1.2,0.56,0,6.220000000000001,7.7715,-14
2026-05-17,New Orleans,TNOLA,KXHIGHTNOLA-26MAY17-B86.5,86.5,85.5,87.5,85.0,1.2,0.32,1,-40.68000000000001,40.6677,-74
2026-05-17,Oklahoma City,TOKC,KXHIGHTOKC-26MAY17-B86.5,86.5,85.5,87.5,87.0,1.4142135623730951,0.49,0,184.68,211.28,-396
2026-05-17,Phoenix,TPHX,KXHIGHTPHX-26MAY17-B95.5,95.5,94.5,96.5,95.0,1.1,0.59,1,-28.7,28.7,-70
2026-05-17,San Francisco,TSFO,KXHIGHTSFO-26MAY17-B69.5,69.5,68.5,70.5,70.5,1.2,0.45,0,27.0,27.0,-54
2026-05-18,Austin,AUS,KXHIGHAUS-26MAY18-B92.5,92.5,91.5,93.5,91.0,1.4142135623730951,0.32,1,-287.88,287.88,-516
2026-05-18,Chicago,CHI,KXHIGHCHI-26MAY18-B82.5,82.5,81.5,83.5,80.0,1.4142135623730951,0.14,0,-0.26,0.252,0
2026-05-18,Los Angeles,LAX,KXHIGHLAX-26MAY18-B73.5,73.5,72.5,74.5,71.5,2.1213203435596424,0.24,0,73.49,101.5,-175
2026-05-18,Los Angeles,LAX,KXHIGHLAX-26MAY18-B71.5,71.5,70.5,72.5,71.5,2.1213203435596424,0.36,1,-151.27,151.2688,-318
2026-05-18,Philadelphia,PHIL,KXHIGHPHIL-26MAY18-B96.5,96.5,95.5,97.5,95.0,1.4142135623730951,0.32,1,-84.96,84.9472,-179
2026-05-18,Atlanta,TATL,KXHIGHTATL-26MAY18-B89.5,89.5,88.5,90.5,89.0,1.4142135623730951,0.49,0,239.85999999999999,187.132,-427
2026-05-18,Dallas,TDAL,KXHIGHTDAL-26MAY18-B90.5,90.5,89.5,91.5,90.0,1.2,0.56,1,-237.74,237.6284,-510
2026-05-18,Washington DC,TDC,KXHIGHTDC-26MAY18-B94.5,94.5,93.5,95.5,95.0,1.4142135623730951,0.49,0,0.41000000000000003,0.5808,-1
2026-05-18,Washington DC,TDC,KXHIGHTDC-26MAY18-B96.5,96.5,95.5,97.5,95.0,1.4142135623730951,0.32,0,26.0,26.0,-52
2026-05-18,Houston,THOU,KXHIGHTHOU-26MAY18-B88.5,88.5,87.5,89.5,88.0,1.9,0.39,0,72.74,65.2031,-138
2026-05-18,Las Vegas,TLV,KXHIGHTLV-26MAY18-B76.5,76.5,75.5,77.5,77.5,1.1,0.47,1,-76.68,76.67,-179
2026-05-18,Minneapolis,TMIN,KXHIGHTMIN-26MAY18-B66.5,66.5,65.5,67.5,68.0,1.4142135623730951,0.32,1,-175.81,175.8,-340
2026-05-18,New Orleans,TNOLA,KXHIGHTNOLA-26MAY18-B86.5,86.5,85.5,87.5,87.5,1.2,0.45,0,6.319999999999999,8.6735,-15
2026-05-18,New Orleans,TNOLA,KXHIGHTNOLA-26MAY18-B88.5,88.5,87.5,89.5,87.5,1.2,0.45,1,-155.17,155.155,-293
2026-05-18,Oklahoma City,TOKC,KXHIGHTOKC-26MAY18-B86.5,86.5,85.5,87.5,86.0,1.4,0.5,0,24.4,30.591,-55
2026-05-18,Seattle,TSEA,KXHIGHTSEA-26MAY18-B66.5,66.5,65.5,67.5,66.0,1.2,0.56,1,-38.72,38.72,-88
2026-05-19,Austin,AUS,KXHIGHAUS-26MAY19-B90.5,90.5,89.5,91.5,87.5,4.949747468305833,0.13,0,6.880000000000001,9.12,-16
2026-05-19,Chicago,CHI,KXHIGHCHI-26MAY19-B78.5,78.5,77.5,79.5,77.5,1.3,0.44,1,-80.64999999999999,80.6412,-155
2026-05-19,Denver,DEN,KXHIGHDEN-26MAY19-B49.5,49.5,48.5,50.5,51.0,1.4,0.32,0,74.72999999999999,94.2668,-169
2026-05-19,Los Angeles,LAX,KXHIGHLAX-26MAY19-B73.5,73.5,72.5,74.5,74.5,1.2,0.45,0,91.0,84.0,-175
2026-05-19,Miami,MIA,KXHIGHMIA-26MAY19-B86.5,86.5,85.5,87.5,86.0,1.4142135623730951,0.49,1,-42.489999999999995,42.48,-112
2026-05-19,Philadelphia,PHIL,KXHIGHPHIL-26MAY19-B98.5,98.5,97.5,99.5,98.0,1.3,0.53,1,-33.620000000000005,33.6,-69
2026-05-19,Washington DC,TDC,KXHIGHTDC-26MAY19-B96.5,96.5,95.5,97.5,96.5,1.3,0.56,1,-24.65,24.65,-49
2026-05-19,Houston,THOU,KXHIGHTHOU-26MAY19-B87.5,87.5,86.5,88.5,87.5,2.1213203435596424,0.36,0,156.06,178.9212,-335
2026-05-19,Las Vegas,TLV,KXHIGHTLV-26MAY19-B80.5,80.5,79.5,81.5,81.0,1.1,0.59,1,-114.08,114.0586,-339
2026-05-19,Minneapolis,TMIN,KXHIGHTMIN-26MAY19-B56.5,56.5,55.5,57.5,54.0,1.4,0.14,0,226.4,253.6,-480
2026-05-19,Minneapolis,TMIN,KXHIGHTMIN-26MAY19-B54.5,54.5,53.5,55.5,54.0,1.4,0.5,1,-253.6,253.6,-480
2026-05-19,New Orleans,TNOLA,KXHIGHTNOLA-26MAY19-B88.5,88.5,87.5,89.5,89.0,1.4142135623730951,0.49,1,-10.37,10.3447,-22
2026-05-19,Phoenix,TPHX,KXHIGHTPHX-26MAY19-B90.5,90.5,89.5,91.5,91.5,1.1,0.47,1,-143.48999999999998,143.4355,-273
2026-05-19,Seattle,TSEA,KXHIGHTSEA-26MAY19-B64.5,64.5,63.5,65.5,63.5,1.2,0.45,1,-151.06,151.044,-317
2026-05-20,Austin,AUS,KXHIGHAUS-26MAY20-B82.5,82.5,81.5,83.5,82.0,1.4142135623730951,0.49,0,205.49,304.5,-510
2026-05-20,Austin,AUS,KXHIGHAUS-26MAY20-B84.5,84.5,83.5,85.5,82.0,1.4142135623730951,0.14,1,-40.37,40.3698,-66
2026-05-20,Los Angeles,LAX,KXHIGHLAX-26MAY20-T76,76.0,76.5,150.0,76.5,1.2,0.5,1,-23.11,23.1041,-197
2026-05-20,Miami,MIA,KXHIGHMIA-26MAY20-B88.5,88.5,87.5,89.5,88.0,1.0,0.62,1,-18.2,18.2,-52
2026-05-20,New York City,NY,KXHIGHNY-26MAY20-B91.5,91.5,90.5,92.5,93.0,1.2,0.32,1,-265.95,265.896,-618
2026-05-20,Philadelphia,PHIL,KXHIGHPHIL-26MAY20-B93.5,93.5,92.5,94.5,95.0,1.3,0.32,0,16.8,18.2,-35
2026-05-20,Atlanta,TATL,KXHIGHTATL-26MAY20-B88.5,88.5,87.5,89.5,88.5,1.2,0.6,0,7.88,8.112,-16
2026-05-20,Boston,TBOS,KXHIGHTBOS-26MAY20-B90.5,90.5,89.5,91.5,89.0,1.2,0.32,1,-31.88,31.88,-63
2026-05-20,Dallas,TDAL,KXHIGHTDAL-26MAY20-B79.5,79.5,78.5,80.5,78.5,3.5355339059327378,0.21,0,51.6,60.4,-112
2026-05-20,Las Vegas,TLV,KXHIGHTLV-26MAY20-B85.5,85.5,84.5,86.5,87.0,1.1,0.31,0,65.03999999999999,46.96,-112
2026-05-20,Minneapolis,TMIN,KXHIGHTMIN-26MAY20-B62.5,62.5,61.5,63.5,63.5,1.4,0.42,0,78.08999999999999,71.9,-150
2026-05-20,New Orleans,TNOLA,KXHIGHTNOLA-26MAY20-B86.5,86.5,85.5,87.5,86.5,1.2,0.6,1,-2.72,2.7115,-4
2026-05-20,Phoenix,TPHX,KXHIGHTPHX-26MAY20-B93.5,93.5,92.5,94.5,94.0,1.1,0.59,1,-50.4,50.4,-140
2026-05-21,Austin,AUS,KXHIGHAUS-26MAY21-B81.5,81.5,80.5,82.5,81.5,1.2,0.6,0,185.07,220.8651,-406
2026-05-21,Chicago,CHI,KXHIGHCHI-26MAY21-B60.5,60.5,59.5,61.5,60.5,1.3,0.56,1,-388.04,388.0,-863
2026-05-21,Los Angeles,LAX,KXHIGHLAX-26MAY21-B74.5,74.5,73.5,75.5,73.5,1.2,0.45,0,498.99,407.9936,-907
2026-05-21,Miami,MIA,KXHIGHMIA-26MAY21-B89.5,89.5,88.5,90.5,88.5,1.0,0.48,1,-150.39000000000001,150.37,-389
2026-05-21,Atlanta,TATL,KXHIGHTATL-26MAY21-B83.5,83.5,82.5,84.5,85.0,1.2,0.32,0,31.5,38.5,-70
2026-05-21,Boston,TBOS,KXHIGHTBOS-26MAY21-T72,72.0,72.5,150.0,64.5,2.1213203435596424,0.0,1,-267.52,267.5,-600
2026-05-21,Houston,THOU,KXHIGHTHOU-26MAY21-B81.5,81.5,80.5,82.5,79.5,1.9,0.24,1,-19.92,19.9094,-35
2026-05-21,Minneapolis,TMIN,KXHIGHTMIN-26MAY21-B66.5,66.5,65.5,67.5,66.0,1.4142135623730951,0.49,1,-28.7,28.7,-70
2026-05-21,Oklahoma City,TOKC,KXHIGHTOKC-26MAY21-B67.5,67.5,66.5,68.5,66.0,1.4142135623730951,0.32,1,-24.39,24.382,-45
2026-05-21,Phoenix,TPHX,KXHIGHTPHX-26MAY21-B95.5,95.5,94.5,96.5,95.5,1.1,0.64,1,-23.12,23.1,-69
2026-05-21,San Antonio,TSATX,KXHIGHTSATX-26MAY21-B82.5,82.5,81.5,83.5,82.5,1.2,0.6,1,-117.50999999999999,117.4874,-221
2026-05-21,Seattle,TSEA,KXHIGHTSEA-26MAY21-B74.5,74.5,73.5,75.5,73.5,1.2,0.45,0,142.27,104.712,-247
2026-05-22,Austin,AUS,KXHIGHAUS-26MAY22-B89.5,89.5,88.5,90.5,88.0,1.2,0.32,0,4.47,5.5275,-10
2026-05-22,Austin,AUS,KXHIGHAUS-26MAY22-B87.5,87.5,86.5,88.5,88.0,1.2,0.56,1,-181.65,181.65,-315
2026-05-22,Chicago,CHI,KXHIGHCHI-26MAY22-B68.5,68.5,67.5,69.5,67.0,1.4142135623730951,0.32,0,38.72,49.28,-88
2026-05-22,Denver,DEN,KXHIGHDEN-26MAY22-B64.5,64.5,63.5,65.5,63.5,1.4,0.42,1,-75.75,75.7309,-145
2026-05-22,Los Angeles,LAX,KXHIGHLAX-26MAY22-B68.5,68.5,67.5,69.5,67.5,1.2,0.45,1,-274.12,274.1168,-548
2026-05-22,Miami,MIA,KXHIGHMIA-26MAY22-B89.5,89.5,88.5,90.5,89.0,1.4142135623730951,0.49,1,-137.16,137.1444,-416
2026-05-22,New York City,NY,KXHIGHNY-26MAY22-B65.5,65.5,64.5,66.5,67.5,2.1213203435596424,0.24,0,113.38000000000001,96.6,-210
2026-05-22,New York City,NY,KXHIGHNY-26MAY22-B67.5,67.5,66.5,68.5,67.5,2.1213203435596424,0.36,1,-46.230000000000004,46.2,-105
2026-05-22,Philadelphia,PHIL,KXHIGHPHIL-26MAY22-B64.5,64.5,63.5,65.5,65.0,1.3,0.53,0,53.59,56.4,-110
2026-05-22,Washington DC,TDC,KXHIGHTDC-26MAY22-B60.5,60.5,59.5,61.5,61.0,1.4142135623730951,0.49,1,-142.12,142.092,-325
2026-05-22,Houston,THOU,KXHIGHTHOU-26MAY22-B87.5,87.5,86.5,88.5,88.0,1.9,0.39,0,79.47,84.52,-164
2026-05-22,New Orleans,TNOLA,KXHIGHTNOLA-26MAY22-B85.5,85.5,84.5,86.5,84.5,2.1213203435596424,0.33,0,83.48,94.5065,-178
2026-05-22,San Antonio,TSATX,KXHIGHTSATX-26MAY22-B87.5,87.5,86.5,88.5,87.5,1.2,0.6,0,134.98,148.9838,-284
2026-05-22,Seattle,TSEA,KXHIGHTSEA-26MAY22-B76.5,76.5,75.5,77.5,75.5,1.2,0.45,1,-84.5,84.48,-187
2026-05-23,Chicago,CHI,KXHIGHCHI-26MAY23-B69.5,69.5,68.5,70.5,68.5,1.3,0.44,1,-155.39000000000001,155.3112,-288
2026-05-23,Miami,MIA,KXHIGHMIA-26MAY23-B89.5,89.5,88.5,90.5,88.5,1.0,0.48,1,-161.70999999999998,161.7,-510
2026-05-23,New York City,NY,KXHIGHNY-26MAY23-B56.5,56.5,55.5,57.5,58.0,1.4142135623730951,0.32,1,-121.81,121.8,-360
2026-05-23,Boston,TBOS,KXHIGHTBOS-26MAY23-B61.5,61.5,60.5,62.5,60.0,1.4142135623730951,0.32,1,-81.93,81.9056,-166
2026-05-23,Houston,THOU,KXHIGHTHOU-26MAY23-B83.5,83.5,82.5,84.5,83.0,1.9,0.39,0,67.52000000000001,66.4527,-134
2026-05-23,Las Vegas,TLV,KXHIGHTLV-26MAY23-B94.5,94.5,93.5,95.5,95.5,1.1,0.47,1,-80.27,80.25,-179
2026-05-23,Minneapolis,TMIN,KXHIGHTMIN-26MAY23-B69.5,69.5,68.5,70.5,70.0,1.4142135623730951,0.49,0,6.9799999999999995,7.0152,-14
2026-05-23,Oklahoma City,TOKC,KXHIGHTOKC-26MAY23-B79.5,79.5,78.5,80.5,78.5,1.4,0.42,1,-39.47,39.47,-81
2026-05-23,San Antonio,TSATX,KXHIGHTSATX-26MAY23-B82.5,82.5,81.5,83.5,83.5,1.2,0.45,0,4.7700000000000005,5.226,-10
2026-05-23,San Francisco,TSFO,KXHIGHTSFO-26MAY23-B67.5,67.5,66.5,68.5,66.5,2.1213203435596424,0.33,0,44.0,44.0,-88
2026-05-24,Chicago,CHI,KXHIGHCHI-26MAY24-B76.5,76.5,75.5,77.5,75.0,1.4142135623730951,0.32,0,237.0,240.9059,-478
2026-05-24,Denver,DEN,KXHIGHDEN-26MAY24-B81.5,81.5,80.5,82.5,82.0,1.4,0.5,1,-172.60999999999999,172.6025,-347
2026-05-24,Denver,DEN,KXHIGHDEN-26MAY24-B83.5,83.5,82.5,84.5,82.0,1.4,0.32,0,30.1,39.9,-70
2026-05-24,Los Angeles,LAX,KXHIGHLAX-26MAY24-B68.5,68.5,67.5,69.5,67.5,1.2,0.45,1,-88.25999999999999,88.24,-188
2026-05-24,Miami,MIA,KXHIGHMIA-26MAY24-B89.5,89.5,88.5,90.5,88.5,1.0,0.48,1,-66.1,66.07,-217
2026-05-24,Atlanta,TATL,KXHIGHTATL-26MAY24-B80.5,80.5,79.5,81.5,81.0,1.2,0.56,0,104.42999999999999,124.5434,-229
2026-05-24,Dallas,TDAL,KXHIGHTDAL-26MAY24-B86.5,86.5,85.5,87.5,85.5,1.2,0.45,0,32.5,39.4703,-72
2026-05-24,Las Vegas,TLV,KXHIGHTLV-26MAY24-B93.5,93.5,92.5,94.5,94.5,1.1,0.47,1,-118.03999999999999,118.0127,-294
2026-05-24,Minneapolis,TMIN,KXHIGHTMIN-26MAY24-B80.5,80.5,79.5,81.5,82.0,1.4,0.32,0,4.1899999999999995,4.8093,-9
2026-05-24,Minneapolis,TMIN,KXHIGHTMIN-26MAY24-B82.5,82.5,81.5,83.5,82.0,1.4,0.5,1,-118.06,118.0222,-265
