city,date,ticker,band_lo,band_hi,result,contracts,cost,pnl,avg_no,low,low_time
Atlanta,2026-07-23,KXLOWTATL-26JUL23-B73.5,73.0,74.0,no,7.71,3.354,4.356,43.714285714285715,75.0,704 AM
Atlanta,2026-07-23,KXLOWTATL-26JUL23-B75.5,75.0,76.0,yes,8.81,3.6121,-3.6121,41.0,75.0,704 AM
Atlanta,2026-07-24,KXLOWTATL-26JUL24-B74.5,74.0,75.0,yes,8.0,3.65,-3.65,46.4,75.0,1155 PM
Atlanta,2026-07-24,KXLOWTATL-26JUL24-B76.5,76.0,77.0,no,2.6,1.162,1.438,44.333333333333336,75.0,1155 PM
Atlanta,2026-07-25,KXLOWTATL-26JUL25-B74.5,74.0,75.0,yes,12.07,5.2909,-5.2909,42.375,74.0,1159 PM
Atlanta,2026-07-26,KXLOWTATL-26JUL26-B73.5,73.0,74.0,yes,24.1,6.0040000000000004,-6.0040000000000004,24.428571428571427,73.0,553 AM
Atlanta,2026-07-27,KXLOWTATL-26JUL27-B74.5,74.0,75.0,no,2.9299999999999997,1.435,1.495,48.5,76.0,859 AM
Atlanta,2026-07-28,KXLOWTATL-26JUL28-B75.5,75.0,76.0,yes,23.44,8.8714,-8.8714,38.4,76.0,1159 PM
Atlanta,2026-07-29,KXLOWTATL-26JUL29-B73.5,73.0,74.0,yes,27.0,6.42,-6.42,27.2,73.0,1222 AM
Atlanta,2026-07-29,KXLOWTATL-26JUL29-B77.5,77.0,78.0,no,22.259999999999998,10.4503,11.8097,47.07142857142857,73.0,1222 AM
Atlanta,2026-07-31,KXLOWTATL-26JUL31-B69.5,69.0,70.0,yes,25.759999999999998,11.3842,-11.3842,43.666666666666664,70.0,513 AM
Atlanta,2026-08-01,KXLOWTATL-26AUG01-B73.5,73.0,74.0,no,21.0,9.9292,11.0708,47.214285714285715,76.0,726 AM
Atlanta,2026-08-02,KXLOWTATL-26AUG02-B73.5,73.0,74.0,yes,4.0,1.8699999999999999,-1.8699999999999999,46.0,74.0,1159 PM
Atlanta,2026-08-03,KXLOWTATL-26AUG03-B69.5,69.0,70.0,yes,14.02,6.2684,-6.2684,44.875,70.0,551 AM
Atlanta,2026-08-03,KXLOWTATL-26AUG03-B71.5,71.0,72.0,no,20.37,9.4642,10.905800000000001,46.36363636363637,70.0,551 AM
Atlanta,2026-08-05,KXLOWTATL-26AUG05-B71.5,71.0,72.0,yes,31.8,12.4512,-12.4512,38.375,72.0,649 AM
Atlanta,2026-08-06,KXLOWTATL-26AUG06-B70.5,70.0,71.0,no,5.6,2.2248,3.3752,41.0,72.0,903 PM
Atlanta,2026-08-06,KXLOWTATL-26AUG06-B72.5,72.0,73.0,yes,3.0,1.32,-1.32,44.0,72.0,903 PM
Atlanta,2026-08-07,KXLOWTATL-26AUG07-B70.5,70.0,71.0,no,17.46,6.654,10.806,38.81818181818182,72.0,800 AM
Atlanta,2026-08-08,KXLOWTATL-26AUG08-B72.5,72.0,73.0,yes,18.14,8.100200000000001,-8.100200000000001,45.0,73.0,626 AM
Atlanta,2026-08-09,KXLOWTATL-26AUG09-B73.5,73.0,74.0,yes,10.75,4.4803,-4.4803,42.785714285714285,73.0,554 AM
Atlanta,2026-08-11,KXLOWTATL-26AUG11-B75.5,75.0,76.0,no,14.06,5.4918,8.5682,39.0,72.0,1159 PM
Atlanta,2026-08-12,KXLOWTATL-26AUG12-B69.5,69.0,70.0,no,8.969999999999999,3.8092,5.1608,42.0,71.0,503 AM
Atlanta,2026-08-12,KXLOWTATL-26AUG12-B71.5,71.0,72.0,yes,26.37,10.5554,-10.5554,40.214285714285715,71.0,503 AM
Atlanta,2026-08-13,KXLOWTATL-26AUG13-B75.5,75.0,76.0,no,5.3100000000000005,2.2016,3.1084,41.75,78.0,638 AM
Atlanta,2026-08-14,KXLOWTATL-26AUG14-B76.5,76.0,77.0,yes,7.0,2.43,-2.43,35.0,77.0,1159 PM
Atlanta,2026-08-15,KXLOWTATL-26AUG15-B75.5,75.0,76.0,yes,3.65,1.7154999999999998,-1.7154999999999998,47.0,75.0,620 AM
Atlanta,2026-08-15,KXLOWTATL-26AUG15-B77.5,77.0,78.0,no,1.65,0.7589999999999999,0.8909999999999999,46.0,75.0,620 AM
Atlanta,2026-08-16,KXLOWTATL-26AUG16-B77.5,77.0,78.0,no,1.59,0.6201000000000001,0.9699000000000001,39.0,79.0,636 AM
Atlanta,2026-08-17,KXLOWTATL-26AUG17-B77.5,77.0,78.0,no,4.62,1.6380000000000001,2.9819999999999998,36.5,75.0,1159 PM
Atlanta,2026-08-18,KXLOWTATL-26AUG18-B72.5,72.0,73.0,yes,9.73,4.252800000000001,-4.252800000000001,43.0,73.0,528 AM
Atlanta,2026-08-19,KXLOWTATL-26AUG19-B72.5,72.0,73.0,yes,6.0,2.94,-2.94,49.0,72.0,611 AM
Atlanta,2026-08-20,KXLOWTATL-26AUG20-B73.5,73.0,74.0,no,2.7,1.2309999999999999,1.4689999999999999,46.5,75.0,619 AM
Atlanta,2026-08-22,KXLOWTATL-26AUG22-B71.5,71.0,72.0,no,5.0,2.09,2.91,43.0,73.0,650 AM
Atlanta,2026-08-22,KXLOWTATL-26AUG22-B73.5,73.0,74.0,yes,7.0,2.88,-2.88,41.0,73.0,650 AM
Atlanta,2026-08-23,KXLOWTATL-26AUG23-B72.5,72.0,73.0,no,1.92,0.9216,0.9984000000000001,48.0,74.0,644 AM
Boston,2026-07-29,KXLOWTBOS-26JUL29-B66.5,66.0,67.0,no,1.0,0.37,0.63,37.0,65.0,1159 PM
Boston,2026-08-07,KXLOWTBOS-26AUG07-B74.5,74.0,75.0,no,30.16,12.762599999999999,17.3974,43.0,76.0,228 AM
Boston,2026-08-17,KXLOWTBOS-26AUG17-B68.5,68.0,69.0,no,4.0,1.95,2.05,48.666666666666664,66.0,557 AM
Boston,2026-08-18,KXLOWTBOS-26AUG18-B66.5,66.0,67.0,yes,27.0,7.8,-7.8,25.944444444444443,66.0,555 AM
Boston,2026-08-18,KXLOWTBOS-26AUG18-B68.5,68.0,69.0,no,2.04,0.95,1.0899999999999999,47.666666666666664,66.0,555 AM
Boston,2026-08-19,KXLOWTBOS-26AUG19-B67.5,67.0,68.0,yes,27.0,9.92,-9.92,38.0,68.0,104 AM
Boston,2026-08-21,KXLOWTBOS-26AUG21-B65.5,65.0,66.0,yes,19.0,3.91,-3.91,19.5,66.0,753 AM
Boston,2026-08-22,KXLOWTBOS-26AUG22-B65.5,65.0,66.0,yes,3.0,0.93,-0.93,31.0,65.0,1159 PM
Boston,2026-08-23,KXLOWTBOS-26AUG23-B63.5,63.0,64.0,no,11.82,4.61,7.21,41.285714285714285,65.0,637 AM
Boston,2026-08-23,KXLOWTBOS-26AUG23-B65.5,65.0,66.0,yes,23.0,8.49,-8.49,35.95,65.0,637 AM
Boston,2026-08-24,KXLOWTBOS-26AUG24-B66.5,66.0,67.0,no,5.16,1.7628,3.3972,34.166666666666664,65.0,513 AM
Dallas,2026-07-23,KXLOWTDAL-26JUL23-B79.5,79.0,80.0,yes,6.27,2.855,-2.855,46.5,79.0,451 AM
Dallas,2026-07-24,KXLOWTDAL-26JUL24-B79.5,79.0,80.0,yes,4.0,1.8399999999999999,-1.8399999999999999,46.0,80.0,609 AM
Dallas,2026-07-24,KXLOWTDAL-26JUL24-B81.5,81.0,82.0,no,2.96,1.4416,1.5184,48.0,80.0,609 AM
Dallas,2026-07-25,KXLOWTDAL-26JUL25-B79.5,79.0,80.0,yes,4.05,1.811,-1.811,44.333333333333336,80.0,649 AM
Dallas,2026-07-25,KXLOWTDAL-26JUL25-B81.5,81.0,82.0,no,49.56,20.1879,29.3721,40.65384615384615,80.0,649 AM
Dallas,2026-07-26,KXLOWTDAL-26JUL26-B79.5,79.0,80.0,yes,19.54,6.9248,-6.9248,35.6,79.0,613 AM
Dallas,2026-07-27,KXLOWTDAL-26JUL27-B79.5,79.0,80.0,yes,29.240000000000002,12.2978,-12.2978,40.82608695652174,80.0,556 AM
Dallas,2026-07-28,KXLOWTDAL-26JUL28-B79.5,79.0,80.0,yes,26.02,10.7088,-10.7088,39.5625,80.0,620 AM
Dallas,2026-07-28,KXLOWTDAL-26JUL28-B81.5,81.0,82.0,no,5.0,2.1399999999999997,2.86,43.666666666666664,80.0,620 AM
Dallas,2026-07-29,KXLOWTDAL-26JUL29-B81.5,81.0,82.0,yes,63.43,26.3466,-26.3466,41.18518518518518,81.0,606 AM
Dallas,2026-07-30,KXLOWTDAL-26JUL30-B80.5,80.0,81.0,yes,55.99,23.464,-23.464,41.4,81.0,634 AM
Dallas,2026-07-31,KXLOWTDAL-26JUL31-B80.5,80.0,81.0,no,5.0,2.15,2.85,43.333333333333336,82.0,632 AM
Dallas,2026-07-31,KXLOWTDAL-26JUL31-B82.5,82.0,83.0,yes,40.29,17.6278,-17.6278,43.391304347826086,82.0,632 AM
Dallas,2026-08-01,KXLOWTDAL-26AUG01-B82.5,82.0,83.0,no,5.0,1.76,3.2399999999999998,34.666666666666664,80.0,1159 PM
Dallas,2026-08-02,KXLOWTDAL-26AUG02-B74.5,74.0,75.0,no,7.18,2.5022,4.6777999999999995,39.0,73.0,459 AM
Dallas,2026-08-03,KXLOWTDAL-26AUG03-B75.5,75.0,76.0,no,24.55,11.4555,13.0945,45.69230769230769,74.0,525 AM
Dallas,2026-08-04,KXLOWTDAL-26AUG04-B79.5,79.0,80.0,yes,11.76,5.6928,-5.6928,48.09090909090909,80.0,644 AM
Dallas,2026-08-05,KXLOWTDAL-26AUG05-B79.5,79.0,80.0,no,44.49,20.234099999999998,24.2559,45.964285714285715,81.0,609 AM
Dallas,2026-08-06,KXLOWTDAL-26AUG06-B81.5,81.0,82.0,yes,25.06,12.3106,-12.3106,49.2,81.0,621 AM
Dallas,2026-08-07,KXLOWTDAL-26AUG07-B80.5,80.0,81.0,yes,32.46,13.886800000000001,-13.886800000000001,42.666666666666664,81.0,624 AM
Dallas,2026-08-08,KXLOWTDAL-26AUG08-B80.5,80.0,81.0,no,38.92,18.435,20.485,45.85,82.0,1159 PM
Dallas,2026-08-09,KXLOWTDAL-26AUG09-B78.5,78.0,79.0,yes,24.3,8.571,-8.571,34.7,78.0,610 AM
Dallas,2026-08-10,KXLOWTDAL-26AUG10-B79.5,79.0,80.0,yes,42.11,17.0292,-17.0292,40.36666666666667,79.0,633 AM
Dallas,2026-08-11,KXLOWTDAL-26AUG11-B78.5,78.0,79.0,yes,17.21,8.3987,-8.3987,48.55555555555556,78.0,625 AM
Dallas,2026-08-12,KXLOWTDAL-26AUG12-B80.5,80.0,81.0,yes,32.44,10.2836,-10.2836,30.523809523809526,81.0,657 AM
Dallas,2026-08-13,KXLOWTDAL-26AUG13-B80.5,80.0,81.0,no,8.92,3.6678,5.2522,41.333333333333336,82.0,705 AM
Dallas,2026-08-14,KXLOWTDAL-26AUG14-B79.5,79.0,80.0,yes,9.379999999999999,4.65,-4.65,49.833333333333336,80.0,636 AM
Dallas,2026-08-15,KXLOWTDAL-26AUG15-B80.5,80.0,81.0,yes,20.78,8.1023,-8.1023,39.4375,81.0,632 AM
Dallas,2026-08-16,KXLOWTDAL-26AUG16-B81.5,81.0,82.0,yes,14.39,4.6734,-4.6734,32.166666666666664,82.0,700 AM
Dallas,2026-08-17,KXLOWTDAL-26AUG17-B80.5,80.0,81.0,yes,6.49,3.0468,-3.0468,47.0,81.0,632 AM
Dallas,2026-08-18,KXLOWTDAL-26AUG18-B82.5,82.0,83.0,yes,46.89,19.2327,-19.2327,41.21875,82.0,600 AM
Dallas,2026-08-19,KXLOWTDAL-26AUG19-B82.5,82.0,83.0,yes,72.78,25.1786,-25.1786,34.75555555555555,83.0,640 AM
Dallas,2026-08-20,KXLOWTDAL-26AUG20-B82.5,82.0,83.0,yes,48.99,17.9219,-17.9219,35.83870967741935,82.0,630 AM
Dallas,2026-08-21,KXLOWTDAL-26AUG21-B82.5,82.0,83.0,no,15.72,4.8788,10.8412,32.0,85.0,646 AM
Dallas,2026-08-22,KXLOWTDAL-26AUG22-B82.5,82.0,83.0,no,15.690000000000001,5.9248,9.7652,38.81818181818182,80.0,517 AM
Dallas,2026-08-23,KXLOWTDAL-26AUG23-B83.5,83.0,84.0,yes,8.9,3.9627,-3.9627,44.57142857142857,84.0,701 AM
Dallas,2026-08-24,KXLOWTDAL-26AUG24-B84.5,84.0,85.0,no,26.52,9.8799,16.6401,37.10526315789474,86.0,701 AM
Houston,2026-07-23,KXLOWTHOU-26JUL23-B80.5,80.0,81.0,no,5.1,2.3696,2.7304,47.90909090909091,77.0,613 PM
Houston,2026-07-24,KXLOWTHOU-26JUL24-B78.5,78.0,79.0,yes,22.0,9.64,-9.64,43.333333333333336,78.0,359 AM
Houston,2026-07-25,KXLOWTHOU-26JUL25-B77.5,77.0,78.0,yes,27.19,8.5796,-8.5796,30.9,78.0,542 AM
Houston,2026-07-26,KXLOWTHOU-26JUL26-B77.5,77.0,78.0,yes,17.0,6.35,-6.35,37.5,77.0,455 AM
Houston,2026-07-27,KXLOWTHOU-26JUL27-B78.5,78.0,79.0,yes,15.46,6.307799999999999,-6.307799999999999,41.55555555555556,78.0,559 AM
Houston,2026-07-28,KXLOWTHOU-26JUL28-B76.5,76.0,77.0,yes,1.0,0.47,-0.47,47.0,77.0,559 AM
Houston,2026-07-28,KXLOWTHOU-26JUL28-B78.5,78.0,79.0,no,8.71,3.4262,5.2838,40.166666666666664,77.0,559 AM
Houston,2026-07-29,KXLOWTHOU-26JUL29-B78.5,78.0,79.0,yes,64.89,20.9409,-20.9409,31.294117647058822,78.0,616 AM
Houston,2026-07-30,KXLOWTHOU-26JUL30-B78.5,78.0,79.0,yes,28.73,5.3797,-5.3797,19.333333333333332,78.0,456 AM
Houston,2026-07-31,KXLOWTHOU-26JUL31-B78.5,78.0,79.0,no,25.72,9.2121,16.5079,35.857142857142854,77.0,601 AM
Houston,2026-08-01,KXLOWTHOU-26AUG01-B77.5,77.0,78.0,yes,22.83,9.3455,-9.3455,42.375,78.0,542 AM
Houston,2026-08-01,KXLOWTHOU-26AUG01-B79.5,79.0,80.0,no,1.0,0.5,0.5,50.0,78.0,542 AM
Houston,2026-08-02,KXLOWTHOU-26AUG02-B79.5,79.0,80.0,no,19.189999999999998,8.7026,10.487400000000001,44.583333333333336,82.0,1159 PM
Houston,2026-08-03,KXLOWTHOU-26AUG03-B77.5,77.0,78.0,yes,8.66,4.1013,-4.1013,47.0,78.0,600 AM
Houston,2026-08-04,KXLOWTHOU-26AUG04-B78.5,78.0,79.0,yes,19.83,8.4044,-8.4044,42.6,78.0,554 AM
Houston,2026-08-05,KXLOWTHOU-26AUG05-B79.5,79.0,80.0,yes,8.09,3.9649,-3.9649,49.4,79.0,612 AM
Houston,2026-08-06,KXLOWTHOU-26AUG06-B77.5,77.0,78.0,yes,0.05,0.025,-0.025,50.0,78.0,159 PM
Houston,2026-08-06,KXLOWTHOU-26AUG06-B79.5,79.0,80.0,no,10.3,4.915,5.385,47.90909090909091,78.0,159 PM
Houston,2026-08-07,KXLOWTHOU-26AUG07-B77.5,77.0,78.0,no,4.66,2.2002,2.4598000000000004,47.333333333333336,79.0,1156 PM
Houston,2026-08-08,KXLOWTHOU-26AUG08-B78.5,78.0,79.0,yes,33.84,14.2865,-14.2865,44.81818181818182,78.0,449 AM
Houston,2026-08-09,KXLOWTHOU-26AUG09-B78.5,78.0,79.0,yes,11.35,5.4873,-5.4873,47.666666666666664,78.0,420 AM
Houston,2026-08-11,KXLOWTHOU-26AUG11-B75.5,75.0,76.0,no,13.0,5.25,7.75,41.42857142857143,77.0,539 AM
Houston,2026-08-11,KXLOWTHOU-26AUG11-B77.5,77.0,78.0,yes,6.4399999999999995,3.0423999999999998,-3.0423999999999998,47.333333333333336,77.0,539 AM
Houston,2026-08-12,KXLOWTHOU-26AUG12-B77.5,77.0,78.0,no,9.93,4.135,5.795,43.25,79.0,614 AM
Houston,2026-08-13,KXLOWTHOU-26AUG13-B79.5,79.0,80.0,yes,16.61,5.8496,-5.8496,34.4,79.0,601 AM
Houston,2026-08-14,KXLOWTHOU-26AUG14-B79.5,79.0,80.0,yes,8.77,3.4593,-3.4593,37.285714285714285,79.0,512 AM
Houston,2026-08-15,KXLOWTHOU-26AUG15-B78.5,78.0,79.0,yes,13.89,5.0858,-5.0858,34.42857142857143,79.0,1142 PM
Houston,2026-08-16,KXLOWTHOU-26AUG16-B77.5,77.0,78.0,yes,4.51,1.8785,-1.8785,41.0,77.0,440 AM
Houston,2026-08-17,KXLOWTHOU-26AUG17-B75.5,75.0,76.0,no,17.18,7.535,9.645,42.714285714285715,74.0,449 AM
Houston,2026-08-18,KXLOWTHOU-26AUG18-B78.5,78.0,79.0,yes,11.39,4.7355,-4.7355,41.57142857142857,78.0,507 AM
Houston,2026-08-19,KXLOWTHOU-26AUG19-B79.5,79.0,80.0,yes,6.98,2.8893,-2.8893,42.666666666666664,79.0,1159 PM
Houston,2026-08-20,KXLOWTHOU-26AUG20-B78.5,78.0,79.0,no,10.89,4.8551,6.0348999999999995,44.0,77.0,509 AM
Houston,2026-08-21,KXLOWTHOU-26AUG21-B77.5,77.0,78.0,no,2.0300000000000002,0.9635,1.0665,47.5,79.0,626 AM
Houston,2026-08-21,KXLOWTHOU-26AUG21-B79.5,79.0,80.0,yes,8.01,2.5734000000000004,-2.5734000000000004,34.5,79.0,626 AM
Houston,2026-08-22,KXLOWTHOU-26AUG22-B78.5,78.0,79.0,no,7.0,1.7999999999999998,5.2,26.0,80.0,644 AM
Houston,2026-08-22,KXLOWTHOU-26AUG22-B80.5,80.0,81.0,yes,8.41,2.5484,-2.5484,31.75,80.0,644 AM
Houston,2026-08-23,KXLOWTHOU-26AUG23-B78.5,78.0,79.0,yes,1.0,0.18,-0.18,18.0,78.0,621 AM
Houston,2026-08-24,KXLOWTHOU-26AUG24-B77.5,77.0,78.0,yes,25.0,11.06,-11.06,42.36363636363637,77.0,324 AM
Las Vegas,2026-08-15,KXLOWTLV-26AUG15-B70.5,70.0,71.0,yes,10.76,4.803599999999999,-4.803599999999999,43.42857142857143,71.0,535 AM
Las Vegas,2026-08-15,KXLOWTLV-26AUG15-B72.5,72.0,73.0,no,12.969999999999999,5.6392,7.3308,44.666666666666664,71.0,535 AM
Las Vegas,2026-08-16,KXLOWTLV-26AUG16-B78.5,78.0,79.0,no,4.0,2.0,2.0,50.0,76.0,506 AM
Minneapolis,2026-07-27,KXLOWTMIN-26JUL27-B79.5,79.0,80.0,no,13.0,5.87,7.13,45.666666666666664,76.0,1159 PM
Minneapolis,2026-07-29,KXLOWTMIN-26JUL29-B69.5,69.0,70.0,no,12.0,5.779999999999999,6.220000000000001,48.0,72.0,541 AM
Minneapolis,2026-07-29,KXLOWTMIN-26JUL29-B71.5,71.0,72.0,yes,26.4,11.590499999999999,-11.590499999999999,42.46666666666667,72.0,541 AM
Minneapolis,2026-07-30,KXLOWTMIN-26JUL30-B73.5,73.0,74.0,yes,39.68,17.5965,-17.5965,44.22222222222222,74.0,534 AM
Minneapolis,2026-08-05,KXLOWTMIN-26AUG05-B58.5,58.0,59.0,no,11.0,5.39,5.61,49.0,61.0,624 AM
Minneapolis,2026-08-09,KXLOWTMIN-26AUG09-B66.5,66.0,67.0,no,6.0,2.9699999999999998,3.0300000000000002,49.5,68.0,215 AM
Minneapolis,2026-08-14,KXLOWTMIN-26AUG14-B65.5,65.0,66.0,no,1.0,0.48,0.52,48.0,67.0,537 AM
Minneapolis,2026-08-15,KXLOWTMIN-26AUG15-B69.5,69.0,70.0,no,4.0,1.6800000000000002,2.3200000000000003,42.666666666666664,68.0,847 AM
Minneapolis,2026-08-16,KXLOWTMIN-26AUG16-B67.5,67.0,68.0,yes,4.0,1.88,-1.88,48.0,68.0,606 AM
Minneapolis,2026-08-19,KXLOWTMIN-26AUG19-B59.5,59.0,60.0,no,8.0,3.75,4.25,46.666666666666664,57.0,517 AM
Minneapolis,2026-08-20,KXLOWTMIN-26AUG20-B60.5,60.0,61.0,yes,3.0,1.5,-1.5,50.0,60.0,545 AM
New Orleans,2026-07-25,KXLOWTNOLA-26JUL25-B75.5,75.0,76.0,no,7.0,3.18,3.8200000000000003,44.833333333333336,77.0,539 AM
New Orleans,2026-07-26,KXLOWTNOLA-26JUL26-B78.5,78.0,79.0,yes,5.1,2.064,-2.064,40.2,78.0,554 AM
New Orleans,2026-07-27,KXLOWTNOLA-26JUL27-B79.5,79.0,80.0,yes,32.0,12.79,-12.79,40.142857142857146,79.0,541 AM
New Orleans,2026-07-28,KXLOWTNOLA-26JUL28-B79.5,79.0,80.0,yes,24.63,9.022,-9.022,36.77777777777778,79.0,550 AM
New Orleans,2026-07-29,KXLOWTNOLA-26JUL29-B79.5,79.0,80.0,no,19.87,6.6545000000000005,13.2155,33.57142857142857,78.0,439 AM
New Orleans,2026-07-30,KXLOWTNOLA-26JUL30-B78.5,78.0,79.0,no,8.0,3.58,4.42,44.8,80.0,548 AM
New Orleans,2026-07-31,KXLOWTNOLA-26JUL31-B79.5,79.0,80.0,yes,10.18,4.122,-4.122,40.8,80.0,1159 PM
New Orleans,2026-08-01,KXLOWTNOLA-26AUG01-B77.5,77.0,78.0,yes,2.33,1.1584,-1.1584,49.333333333333336,78.0,601 AM
New Orleans,2026-08-01,KXLOWTNOLA-26AUG01-B79.5,79.0,80.0,no,16.38,6.3801,9.9999,39.75,78.0,601 AM
New Orleans,2026-08-02,KXLOWTNOLA-26AUG02-B76.5,76.0,77.0,yes,4.0,1.54,-1.54,38.5,76.0,902 AM
New Orleans,2026-08-03,KXLOWTNOLA-26AUG03-B75.5,75.0,76.0,yes,4.0,1.6800000000000002,-1.6800000000000002,42.0,75.0,420 AM
New Orleans,2026-08-04,KXLOWTNOLA-26AUG04-B76.5,76.0,77.0,no,25.95,10.2516,15.6984,38.68421052631579,75.0,338 AM
New Orleans,2026-08-05,KXLOWTNOLA-26AUG05-B77.5,77.0,78.0,yes,11.0,4.95,-4.95,45.77777777777778,77.0,347 PM
New Orleans,2026-08-06,KXLOWTNOLA-26AUG06-B75.5,75.0,76.0,no,1.0,0.43,0.57,43.0,77.0,1133 PM
New Orleans,2026-08-07,KXLOWTNOLA-26AUG07-B75.5,75.0,76.0,yes,7.0,2.08,-2.08,30.0,76.0,255 AM
New Orleans,2026-08-07,KXLOWTNOLA-26AUG07-B77.5,77.0,78.0,no,2.0,0.95,1.05,47.5,76.0,255 AM
New Orleans,2026-08-08,KXLOWTNOLA-26AUG08-B77.5,77.0,78.0,yes,5.0,2.5,-2.5,50.0,77.0,1159 PM
New Orleans,2026-08-10,KXLOWTNOLA-26AUG10-B76.5,76.0,77.0,yes,8.87,4.435,-4.435,50.0,77.0,354 AM
New Orleans,2026-08-11,KXLOWTNOLA-26AUG11-B76.5,76.0,77.0,yes,12.5,6.06,-6.06,48.375,77.0,522 AM
New Orleans,2026-08-12,KXLOWTNOLA-26AUG12-B78.5,78.0,79.0,yes,8.24,3.6004,-3.6004,42.833333333333336,78.0,512 AM
New Orleans,2026-08-13,KXLOWTNOLA-26AUG13-B78.5,78.0,79.0,yes,3.06,1.3223,-1.3223,43.0,79.0,1150 PM
New Orleans,2026-08-14,KXLOWTNOLA-26AUG14-B77.5,77.0,78.0,no,13.3,6.035200000000001,7.2648,45.416666666666664,75.0,322 AM
New Orleans,2026-08-16,KXLOWTNOLA-26AUG16-B79.5,79.0,80.0,yes,8.7,3.3205999999999998,-3.3205999999999998,38.6,79.0,611 AM
New Orleans,2026-08-17,KXLOWTNOLA-26AUG17-B79.5,79.0,80.0,yes,10.0,4.56,-4.56,45.0,79.0,602 AM
New Orleans,2026-08-18,KXLOWTNOLA-26AUG18-B78.5,78.0,79.0,yes,9.79,3.9797,-3.9797,40.7,79.0,547 AM
New Orleans,2026-08-19,KXLOWTNOLA-26AUG19-B79.5,79.0,80.0,yes,24.95,8.2194,-8.2194,35.4,79.0,605 AM
New Orleans,2026-08-20,KXLOWTNOLA-26AUG20-B78.5,78.0,79.0,no,10.93,3.7262,7.2038,34.09090909090909,77.0,557 AM
New Orleans,2026-08-21,KXLOWTNOLA-26AUG21-B77.5,77.0,78.0,no,3.0,1.17,1.83,39.0,76.0,1159 PM
New Orleans,2026-08-21,KXLOWTNOLA-26AUG21-B79.5,79.0,80.0,no,2.0,0.76,1.24,38.0,76.0,1159 PM
New Orleans,2026-08-22,KXLOWTNOLA-26AUG22-B75.5,75.0,76.0,no,24.0,7.77,16.23,33.76923076923077,74.0,552 AM
New Orleans,2026-08-22,KXLOWTNOLA-26AUG22-B77.5,77.0,78.0,no,4.0,1.92,2.08,48.0,74.0,552 AM
New Orleans,2026-08-23,KXLOWTNOLA-26AUG23-B77.5,77.0,78.0,no,4.0,1.56,2.44,39.0,80.0,513 AM
Oklahoma City,2026-07-24,KXLOWTOKC-26JUL24-B73.5,73.0,74.0,no,2.0,0.94,1.06,47.0,75.0,238 AM
Oklahoma City,2026-07-25,KXLOWTOKC-26JUL25-B77.5,77.0,78.0,no,2.0,0.76,1.24,38.0,75.0,547 AM
Oklahoma City,2026-07-26,KXLOWTOKC-26JUL26-B77.5,77.0,78.0,no,4.0,1.9,2.1,47.5,74.0,549 AM
Oklahoma City,2026-07-27,KXLOWTOKC-26JUL27-B75.5,75.0,76.0,no,3.0,1.5,1.5,50.0,71.0,558 AM
Oklahoma City,2026-07-28,KXLOWTOKC-26JUL28-B73.5,73.0,74.0,no,11.1,5.088,6.0120000000000005,45.0,71.0,558 AM
Oklahoma City,2026-07-30,KXLOWTOKC-26JUL30-B74.5,74.0,75.0,no,7.0,2.4,4.6,34.5,76.0,317 AM
Oklahoma City,2026-07-31,KXLOWTOKC-26JUL31-B76.5,76.0,77.0,no,33.15,14.9865,18.1635,44.6,78.0,531 AM
Oklahoma City,2026-08-01,KXLOWTOKC-26AUG01-B68.5,68.0,69.0,no,1.0,0.46,0.54,46.0,71.0,549 AM
Oklahoma City,2026-08-04,KXLOWTOKC-26AUG04-B68.5,68.0,69.0,no,6.0600000000000005,2.3308,3.7292,37.8,73.0,613 AM
Oklahoma City,2026-08-04,KXLOWTOKC-26AUG04-B70.5,70.0,71.0,no,1.58,0.5688,1.0112,36.0,73.0,613 AM
Oklahoma City,2026-08-05,KXLOWTOKC-26AUG05-B76.5,76.0,77.0,no,2.0,0.98,1.02,49.0,74.0,408 AM
Oklahoma City,2026-08-08,KXLOWTOKC-26AUG08-B70.5,70.0,71.0,no,13.79,5.5016,8.2884,40.625,69.0,609 AM
Oklahoma City,2026-08-11,KXLOWTOKC-26AUG11-B74.5,74.0,75.0,no,4.63,2.2664,2.3636,49.333333333333336,76.0,601 AM
Oklahoma City,2026-08-12,KXLOWTOKC-26AUG12-B77.5,77.0,78.0,yes,15.71,7.2574,-7.2574,45.75,77.0,622 AM
Oklahoma City,2026-08-13,KXLOWTOKC-26AUG13-B78.5,78.0,79.0,no,5.74,2.6367,3.1033,45.75,81.0,616 AM
Oklahoma City,2026-08-15,KXLOWTOKC-26AUG15-B77.5,77.0,78.0,no,2.09,1.0131999999999999,1.0768,48.333333333333336,75.0,604 AM
Oklahoma City,2026-08-16,KXLOWTOKC-26AUG16-B76.5,76.0,77.0,yes,1.93,0.965,-0.965,50.0,77.0,606 AM
Oklahoma City,2026-08-17,KXLOWTOKC-26AUG17-B74.5,74.0,75.0,no,5.9,2.931,2.969,49.666666666666664,76.0,710 AM
Oklahoma City,2026-08-18,KXLOWTOKC-26AUG18-B74.5,74.0,75.0,no,9.07,3.7517,5.3183,40.0,73.0,551 AM
Oklahoma City,2026-08-19,KXLOWTOKC-26AUG19-B79.5,79.0,80.0,no,7.0,3.38,3.62,48.5,81.0,611 AM
Oklahoma City,2026-08-20,KXLOWTOKC-26AUG20-B75.5,75.0,76.0,no,2.85,1.331,1.5190000000000001,47.0,78.0,502 AM
Oklahoma City,2026-08-21,KXLOWTOKC-26AUG21-B74.5,74.0,75.0,no,0.88,0.3608,0.5192,41.0,78.0,918 AM
Oklahoma City,2026-08-21,KXLOWTOKC-26AUG21-B76.5,76.0,77.0,no,9.2,4.516,4.684,49.0,78.0,918 AM
Oklahoma City,2026-08-22,KXLOWTOKC-26AUG22-B76.5,76.0,77.0,yes,31.5,12.595,-12.595,35.857142857142854,76.0,828 AM
Oklahoma City,2026-08-23,KXLOWTOKC-26AUG23-B72.5,72.0,73.0,no,1.0,0.35,0.65,35.0,74.0,531 AM
Phoenix,2026-07-25,KXLOWTPHX-26JUL25-B92.5,92.0,93.0,no,0.42,0.2016,0.2184,48.0,95.0,1159 PM
Phoenix,2026-07-26,KXLOWTPHX-26JUL26-B93.5,93.0,94.0,no,11.0,4.9799999999999995,6.0200000000000005,45.333333333333336,91.0,557 AM
Phoenix,2026-07-29,KXLOWTPHX-26JUL29-B90.5,90.0,91.0,no,7.0,3.44,3.56,49.25,92.0,646 AM
Phoenix,2026-07-31,KXLOWTPHX-26JUL31-B90.5,90.0,91.0,no,6.24,2.9876,3.2523999999999997,48.0,94.0,703 AM
Phoenix,2026-08-02,KXLOWTPHX-26AUG02-B92.5,92.0,93.0,no,8.2,3.9499999999999997,4.25,48.5,94.0,620 AM
Phoenix,2026-08-04,KXLOWTPHX-26AUG04-B89.5,89.0,90.0,yes,11.2,5.2405,-5.2405,45.81818181818182,89.0,431 AM
Phoenix,2026-08-05,KXLOWTPHX-26AUG05-B89.5,89.0,90.0,no,12.21,5.9602,6.2498000000000005,48.888888888888886,92.0,741 AM
Phoenix,2026-08-06,KXLOWTPHX-26AUG06-B87.5,87.0,88.0,yes,17.0,5.12,-5.12,30.9,88.0,553 AM
Phoenix,2026-08-07,KXLOWTPHX-26AUG07-B89.5,89.0,90.0,yes,3.2,1.568,-1.568,49.0,89.0,552 AM
Phoenix,2026-08-09,KXLOWTPHX-26AUG09-B90.5,90.0,91.0,no,2.2,1.06,1.1400000000000001,48.666666666666664,87.0,1159 PM
Phoenix,2026-08-10,KXLOWTPHX-26AUG10-B85.5,85.0,86.0,yes,42.370000000000005,16.1385,-16.1385,35.611111111111114,86.0,1217 AM
Phoenix,2026-08-10,KXLOWTPHX-26AUG10-B87.5,87.0,88.0,no,10.620000000000001,5.13,5.49,48.0,86.0,1217 AM
Phoenix,2026-08-11,KXLOWTPHX-26AUG11-B82.5,82.0,83.0,yes,54.82,19.005,-19.005,34.888888888888886,82.0,1251 AM
Phoenix,2026-08-13,KXLOWTPHX-26AUG13-B77.5,77.0,78.0,no,7.0,3.12,3.88,46.0,79.0,627 AM
Phoenix,2026-08-13,KXLOWTPHX-26AUG13-B79.5,79.0,80.0,yes,1.0,0.5,-0.5,50.0,79.0,627 AM
Phoenix,2026-08-16,KXLOWTPHX-26AUG16-B86.5,86.0,87.0,no,10.79,5.395,5.395,50.0,91.0,630 AM
Phoenix,2026-08-21,KXLOWTPHX-26AUG21-B89.5,89.0,90.0,yes,1.0,0.5,-0.5,50.0,89.0,614 AM
San Antonio,2026-07-25,KXLOWTSATX-26JUL25-B73.5,73.0,74.0,no,9.1,3.723,5.377,41.888888888888886,77.0,216 AM
San Antonio,2026-07-25,KXLOWTSATX-26JUL25-B75.5,75.0,76.0,no,18.77,6.6342,12.1358,36.09090909090909,77.0,216 AM
San Antonio,2026-07-26,KXLOWTSATX-26JUL26-B74.5,74.0,75.0,no,5.1,1.606,3.4939999999999998,31.25,76.0,616 AM
San Antonio,2026-07-27,KXLOWTSATX-26JUL27-B76.5,76.0,77.0,no,3.81,1.8177,1.9923000000000002,47.333333333333336,75.0,559 AM
San Antonio,2026-07-28,KXLOWTSATX-26JUL28-B76.5,76.0,77.0,yes,1.0,0.49,-0.49,49.0,77.0,550 AM
San Antonio,2026-07-29,KXLOWTSATX-26JUL29-B77.5,77.0,78.0,no,12.77,5.3165,7.4535,41.27272727272727,79.0,635 AM
San Antonio,2026-07-30,KXLOWTSATX-26JUL30-B77.5,77.0,78.0,yes,11.78,5.0922,-5.0922,42.2,78.0,627 AM
San Antonio,2026-07-31,KXLOWTSATX-26JUL31-B74.5,74.0,75.0,no,0.43,0.1518,0.2782,35.5,77.0,647 AM
San Antonio,2026-08-01,KXLOWTSATX-26AUG01-B77.5,77.0,78.0,yes,1.33,0.665,-0.665,50.0,77.0,540 AM
San Antonio,2026-08-04,KXLOWTSATX-26AUG04-B77.5,77.0,78.0,yes,5.0,2.4299999999999997,-2.4299999999999997,48.6,78.0,504 AM
San Antonio,2026-08-05,KXLOWTSATX-26AUG05-B78.5,78.0,79.0,yes,10.379999999999999,4.9762,-4.9762,47.714285714285715,78.0,226 AM
San Antonio,2026-08-08,KXLOWTSATX-26AUG08-B76.5,76.0,77.0,yes,4.9,2.362,-2.362,48.5,76.0,520 AM
San Antonio,2026-08-09,KXLOWTSATX-26AUG09-B77.5,77.0,78.0,yes,6.0,3.0,-3.0,50.0,78.0,637 AM
San Antonio,2026-08-10,KXLOWTSATX-26AUG10-B77.5,77.0,78.0,yes,14.51,6.7895,-6.7895,46.333333333333336,78.0,650 AM
San Antonio,2026-08-11,KXLOWTSATX-26AUG11-B78.5,78.0,79.0,yes,5.86,2.61,-2.61,46.0,79.0,702 AM
San Antonio,2026-08-13,KXLOWTSATX-26AUG13-B77.5,77.0,78.0,yes,13.97,6.233099999999999,-6.233099999999999,44.111111111111114,78.0,558 AM
San Antonio,2026-08-14,KXLOWTSATX-26AUG14-B78.5,78.0,79.0,yes,5.85,2.4406,-2.4406,41.75,79.0,652 AM
San Antonio,2026-08-15,KXLOWTSATX-26AUG15-B78.5,78.0,79.0,yes,9.2,2.446,-2.446,25.9,79.0,647 AM
San Antonio,2026-08-16,KXLOWTSATX-26AUG16-B76.5,76.0,77.0,yes,17.76,7.942,-7.942,44.705882352941174,77.0,331 AM
San Antonio,2026-08-17,KXLOWTSATX-26AUG17-B76.5,76.0,77.0,no,12.22,4.7142,7.505800000000001,39.125,78.0,625 AM
San Antonio,2026-08-18,KXLOWTSATX-26AUG18-B77.5,77.0,78.0,yes,6.57,2.5366,-2.5366,38.5,78.0,639 AM
San Antonio,2026-08-19,KXLOWTSATX-26AUG19-B78.5,78.0,79.0,no,6.0,2.11,3.89,35.166666666666664,77.0,632 AM
San Antonio,2026-08-20,KXLOWTSATX-26AUG20-B78.5,78.0,79.0,no,5.01,2.0443,2.9657,41.166666666666664,76.0,622 AM
San Antonio,2026-08-21,KXLOWTSATX-26AUG21-B77.5,77.0,78.0,yes,15.91,6.3585,-6.3585,39.93333333333333,77.0,538 AM
San Antonio,2026-08-22,KXLOWTSATX-26AUG22-B75.5,75.0,76.0,yes,15.0,5.1,-5.1,34.25,75.0,634 AM
San Antonio,2026-08-22,KXLOWTSATX-26AUG22-B77.5,77.0,78.0,no,8.47,2.7146,5.7554,28.0,75.0,634 AM
San Antonio,2026-08-23,KXLOWTSATX-26AUG23-B77.5,77.0,78.0,no,11.2,4.3675,6.8325,40.2,74.0,557 AM
San Francisco,2026-07-23,KXLOWTSFO-26JUL23-B58.5,58.0,59.0,yes,9.0,3.62,-3.62,39.75,59.0,506 AM
San Francisco,2026-07-24,KXLOWTSFO-26JUL24-B58.5,58.0,59.0,no,4.0,1.53,2.47,39.666666666666664,60.0,626 AM
San Francisco,2026-07-25,KXLOWTSFO-26JUL25-B58.5,58.0,59.0,no,19.64,9.0099,10.6301,45.76923076923077,60.0,545 AM
San Francisco,2026-07-26,KXLOWTSFO-26JUL26-B59.5,59.0,60.0,yes,3.27,1.449,-1.449,41.8,59.0,1159 PM
San Francisco,2026-07-27,KXLOWTSFO-26JUL27-B58.5,58.0,59.0,yes,24.0,7.42,-7.42,32.0,58.0,518 AM
San Francisco,2026-07-28,KXLOWTSFO-26JUL28-B59.5,59.0,60.0,yes,22.42,8.5512,-8.5512,37.411764705882355,59.0,726 AM
San Francisco,2026-07-29,KXLOWTSFO-26JUL29-B58.5,58.0,59.0,yes,17.79,4.6959,-4.6959,26.384615384615383,58.0,534 AM
San Francisco,2026-07-30,KXLOWTSFO-26JUL30-B56.5,56.0,57.0,yes,15.5,6.1615,-6.1615,40.2,57.0,440 AM
San Francisco,2026-07-31,KXLOWTSFO-26JUL31-B55.5,55.0,56.0,no,4.93,2.265,2.665,46.666666666666664,57.0,543 AM
San Francisco,2026-08-01,KXLOWTSFO-26AUG01-B56.5,56.0,57.0,yes,29.29,11.9794,-11.9794,40.421052631578945,57.0,532 AM
San Francisco,2026-08-02,KXLOWTSFO-26AUG02-B56.5,56.0,57.0,yes,21.26,8.037,-8.037,38.07692307692308,57.0,603 AM
San Francisco,2026-08-03,KXLOWTSFO-26AUG03-B56.5,56.0,57.0,yes,15.37,4.5498,-4.5498,29.866666666666667,56.0,534 AM
San Francisco,2026-08-04,KXLOWTSFO-26AUG04-B57.5,57.0,58.0,yes,13.65,4.0138,-4.0138,28.428571428571427,57.0,510 AM
San Francisco,2026-08-05,KXLOWTSFO-26AUG05-B58.5,58.0,59.0,yes,3.46,1.0274,-1.0274,29.8,58.0,522 AM
San Francisco,2026-08-06,KXLOWTSFO-26AUG06-B57.5,57.0,58.0,yes,6.0,2.01,-2.01,34.333333333333336,57.0,1159 PM
San Francisco,2026-08-06,KXLOWTSFO-26AUG06-B59.5,59.0,60.0,no,16.9,6.2776,10.6224,36.81818181818182,57.0,1159 PM
San Francisco,2026-08-07,KXLOWTSFO-26AUG07-B57.5,57.0,58.0,yes,38.86,9.1266,-9.1266,22.68,57.0,1134 PM
San Francisco,2026-08-08,KXLOWTSFO-26AUG08-B57.5,57.0,58.0,yes,21.48,4.4897,-4.4897,20.571428571428573,58.0,1159 PM
San Francisco,2026-08-09,KXLOWTSFO-26AUG09-B56.5,56.0,57.0,yes,14.3,4.949,-4.949,34.357142857142854,57.0,210 AM
San Francisco,2026-08-09,KXLOWTSFO-26AUG09-B58.5,58.0,59.0,no,15.89,6.627700000000001,9.2623,41.0,57.0,210 AM
San Francisco,2026-08-10,KXLOWTSFO-26AUG10-B57.5,57.0,58.0,yes,24.14,7.5427,-7.5427,31.133333333333333,57.0,539 AM
San Francisco,2026-08-11,KXLOWTSFO-26AUG11-B57.5,57.0,58.0,yes,15.52,4.1774000000000004,-4.1774000000000004,25.714285714285715,57.0,540 AM
San Francisco,2026-08-12,KXLOWTSFO-26AUG12-B57.5,57.0,58.0,yes,2.92,0.48719999999999997,-0.48719999999999997,16.666666666666668,57.0,530 AM
San Francisco,2026-08-13,KXLOWTSFO-26AUG13-B59.5,59.0,60.0,yes,4.78,1.3886,-1.3886,29.666666666666668,60.0,1159 PM
San Francisco,2026-08-14,KXLOWTSFO-26AUG14-B59.5,59.0,60.0,yes,9.96,2.1787,-2.1787,22.75,59.0,538 AM
San Francisco,2026-08-15,KXLOWTSFO-26AUG15-B58.5,58.0,59.0,yes,3.18,0.4198,-0.4198,14.5,58.0,1142 PM
San Francisco,2026-08-16,KXLOWTSFO-26AUG16-B56.5,56.0,57.0,no,15.05,3.5805,11.4695,22.571428571428573,58.0,1159 PM
San Francisco,2026-08-17,KXLOWTSFO-26AUG17-B56.5,56.0,57.0,yes,18.76,6.3238,-6.3238,31.363636363636363,57.0,246 AM
San Francisco,2026-08-17,KXLOWTSFO-26AUG17-B58.5,58.0,59.0,no,1.79,0.7876000000000001,1.0024000000000002,44.0,57.0,246 AM
San Francisco,2026-08-18,KXLOWTSFO-26AUG18-B56.5,56.0,57.0,yes,6.78,1.7474,-1.7474,26.0,57.0,1148 PM
San Francisco,2026-08-19,KXLOWTSFO-26AUG19-B56.5,56.0,57.0,yes,13.96,4.0414,-4.0414,26.9,57.0,1159 PM
San Francisco,2026-08-20,KXLOWTSFO-26AUG20-B56.5,56.0,57.0,yes,22.45,6.9827,-6.9827,26.8125,56.0,528 AM
San Francisco,2026-08-20,KXLOWTSFO-26AUG20-B58.5,58.0,59.0,no,1.0,0.48,0.52,48.0,56.0,528 AM
San Francisco,2026-08-21,KXLOWTSFO-26AUG21-B56.5,56.0,57.0,no,16.39,6.2559000000000005,10.1341,36.44444444444444,58.0,657 AM
San Francisco,2026-08-21,KXLOWTSFO-26AUG21-B58.5,58.0,59.0,yes,0.19,0.0703,-0.0703,37.0,58.0,657 AM
San Francisco,2026-08-22,KXLOWTSFO-26AUG22-B58.5,58.0,59.0,yes,5.0,1.52,-1.52,32.0,59.0,755 AM
San Francisco,2026-08-23,KXLOWTSFO-26AUG23-B58.5,58.0,59.0,no,4.3,1.126,3.1740000000000004,25.0,57.0,551 AM
Seattle,2026-07-24,KXLOWTSEA-26JUL24-B58.5,58.0,59.0,no,28.34,12.646,15.694,44.523809523809526,57.0,529 AM
Seattle,2026-07-25,KXLOWTSEA-26JUL25-B57.5,57.0,58.0,yes,39.56,10.141,-10.141,27.074074074074073,57.0,347 AM
Seattle,2026-07-25,KXLOWTSEA-26JUL25-B59.5,59.0,60.0,no,12.81,4.480700000000001,8.3293,36.5,57.0,347 AM
Seattle,2026-07-26,KXLOWTSEA-26JUL26-B58.5,58.0,59.0,yes,1.0,0.4,-0.4,40.0,59.0,1159 PM
Seattle,2026-07-26,KXLOWTSEA-26JUL26-B60.5,60.0,61.0,no,5.0,2.34,2.66,46.5,59.0,1159 PM
Seattle,2026-07-27,KXLOWTSEA-26JUL27-B57.5,57.0,58.0,no,21.75,9.0191,12.7309,41.5,59.0,436 AM
Seattle,2026-07-28,KXLOWTSEA-26JUL28-B59.5,59.0,60.0,yes,4.359999999999999,1.8912,-1.8912,43.2,60.0,226 AM
Seattle,2026-07-29,KXLOWTSEA-26JUL29-B54.5,54.0,55.0,no,2.0,0.8899999999999999,1.1099999999999999,44.5,56.0,1159 PM
Seattle,2026-07-30,KXLOWTSEA-26JUL30-B54.5,54.0,55.0,yes,5.58,2.6352,-2.6352,47.333333333333336,54.0,522 AM
Seattle,2026-07-31,KXLOWTSEA-26JUL31-B56.5,56.0,57.0,yes,8.19,3.8800999999999997,-3.8800999999999997,47.666666666666664,56.0,515 AM
Seattle,2026-08-01,KXLOWTSEA-26AUG01-B57.5,57.0,58.0,yes,1.0,0.49,-0.49,49.0,58.0,1159 PM
Seattle,2026-08-02,KXLOWTSEA-26AUG02-B55.5,55.0,56.0,yes,8.45,3.8324,-3.8324,44.2,56.0,144 AM
Seattle,2026-08-03,KXLOWTSEA-26AUG03-B53.5,53.0,54.0,yes,1.9300000000000002,0.9650000000000001,-0.9650000000000001,50.0,53.0,330 AM
Seattle,2026-08-04,KXLOWTSEA-26AUG04-B57.5,57.0,58.0,yes,13.48,6.627,-6.627,48.75,58.0,612 AM
Seattle,2026-08-05,KXLOWTSEA-26AUG05-B58.5,58.0,59.0,yes,9.71,4.4473,-4.4473,45.8,59.0,559 AM
Seattle,2026-08-07,KXLOWTSEA-26AUG07-B57.5,57.0,58.0,no,8.0,4.0,4.0,50.0,59.0,453 AM
Seattle,2026-08-08,KXLOWTSEA-26AUG08-B58.5,58.0,59.0,yes,4.0,2.0,-2.0,50.0,58.0,534 AM
Seattle,2026-08-10,KXLOWTSEA-26AUG10-B54.5,54.0,55.0,yes,71.32,29.839399999999998,-29.839399999999998,39.77777777777778,55.0,701 AM
Seattle,2026-08-11,KXLOWTSEA-26AUG11-B55.5,55.0,56.0,yes,24.0,9.92,-9.92,42.166666666666664,55.0,559 AM
Seattle,2026-08-11,KXLOWTSEA-26AUG11-B57.5,57.0,58.0,no,8.0,3.92,4.08,49.0,55.0,559 AM
Seattle,2026-08-12,KXLOWTSEA-26AUG12-B58.5,58.0,59.0,yes,38.97,14.9446,-14.9446,35.6875,58.0,513 AM
Seattle,2026-08-13,KXLOWTSEA-26AUG13-B58.5,58.0,59.0,no,10.469999999999999,4.9473,5.5227,47.25,56.0,656 AM
Seattle,2026-08-14,KXLOWTSEA-26AUG14-B57.5,57.0,58.0,no,7.53,2.8498,4.6802,39.2,56.0,808 AM
Seattle,2026-08-15,KXLOWTSEA-26AUG15-B56.5,56.0,57.0,yes,16.43,7.2634,-7.2634,43.666666666666664,57.0,608 AM
Seattle,2026-08-15,KXLOWTSEA-26AUG15-B58.5,58.0,59.0,no,8.0,3.92,4.08,49.0,57.0,608 AM
Seattle,2026-08-16,KXLOWTSEA-26AUG16-B58.5,58.0,59.0,yes,2.76,1.1320000000000001,-1.1320000000000001,39.5,58.0,1159 PM
Seattle,2026-08-17,KXLOWTSEA-26AUG17-B53.5,53.0,54.0,yes,1.0,0.5,-0.5,50.0,54.0,MMM MM
Seattle,2026-08-17,KXLOWTSEA-26AUG17-B55.5,55.0,56.0,no,5.0,2.44,2.56,48.4,54.0,MMM MM
Seattle,2026-08-17,KXLOWTSEA-26AUG17-B57.5,57.0,58.0,no,8.84,3.278,5.562,38.5,54.0,MMM MM
Seattle,2026-08-18,KXLOWTSEA-26AUG18-B56.5,56.0,57.0,yes,5.05,2.3204,-2.3204,45.75,57.0,743 AM
Seattle,2026-08-19,KXLOWTSEA-26AUG19-B55.5,55.0,56.0,yes,0.02,0.0094,-0.0094,47.0,55.0,439 AM
Seattle,2026-08-19,KXLOWTSEA-26AUG19-B57.5,57.0,58.0,no,19.37,9.1675,10.2025,47.54545454545455,55.0,439 AM
Seattle,2026-08-20,KXLOWTSEA-26AUG20-B56.5,56.0,57.0,no,3.68,1.7110000000000003,1.9690000000000003,46.75,59.0,512 AM
Seattle,2026-08-21,KXLOWTSEA-26AUG21-B59.5,59.0,60.0,yes,16.02,7.5291999999999994,-7.5291999999999994,46.666666666666664,60.0,1159 PM
Seattle,2026-08-22,KXLOWTSEA-26AUG22-B58.5,58.0,59.0,yes,6.109999999999999,3.0549999999999997,-3.0549999999999997,50.0,59.0,703 AM
Seattle,2026-08-23,KXLOWTSEA-26AUG23-B58.5,58.0,59.0,yes,20.18,8.5018,-8.5018,42.333333333333336,59.0,451 AM
Washington DC,2026-07-28,KXLOWTDC-26JUL28-B71.5,71.0,72.0,no,1.0,0.48,0.52,48.0,69.0,1154 PM
Washington DC,2026-07-29,KXLOWTDC-26JUL29-B70.5,70.0,71.0,yes,25.89,10.2361,-10.2361,37.6,70.0,317 AM
Washington DC,2026-07-30,KXLOWTDC-26JUL30-B70.5,70.0,71.0,no,31.66,13.0742,18.5858,42.06666666666667,72.0,353 AM
Washington DC,2026-07-31,KXLOWTDC-26JUL31-B71.5,71.0,72.0,yes,3.34,1.4028,-1.4028,42.0,71.0,510 AM
Washington DC,2026-08-01,KXLOWTDC-26AUG01-B70.5,70.0,71.0,yes,2.0,0.87,-0.87,43.5,71.0,537 AM
Washington DC,2026-08-02,KXLOWTDC-26AUG02-B75.5,75.0,76.0,yes,45.08,16.9364,-16.9364,39.6,75.0,917 PM
Washington DC,2026-08-03,KXLOWTDC-26AUG03-B74.5,74.0,75.0,yes,18.77,8.4688,-8.4688,45.875,75.0,332 AM
Washington DC,2026-08-06,KXLOWTDC-26AUG06-B75.5,75.0,76.0,yes,45.01,20.3644,-20.3644,44.588235294117645,75.0,1159 PM
Washington DC,2026-08-07,KXLOWTDC-26AUG07-B74.5,74.0,75.0,yes,21.96,7.2524,-7.2524,33.888888888888886,74.0,519 AM
Washington DC,2026-08-09,KXLOWTDC-26AUG09-B75.5,75.0,76.0,yes,16.92,7.3799,-7.3799,42.416666666666664,76.0,517 AM
Washington DC,2026-08-10,KXLOWTDC-26AUG10-B76.5,76.0,77.0,no,11.16,4.534800000000001,6.6251999999999995,39.75,71.0,1156 PM
Washington DC,2026-08-11,KXLOWTDC-26AUG11-B71.5,71.0,72.0,yes,55.089999999999996,22.1357,-22.1357,39.55172413793103,71.0,129 AM
Washington DC,2026-08-12,KXLOWTDC-26AUG12-B73.5,73.0,74.0,yes,15.01,3.8627000000000002,-3.8627000000000002,25.0,74.0,454 AM
Washington DC,2026-08-13,KXLOWTDC-26AUG13-B73.5,73.0,74.0,no,11.51,5.403,6.107,46.25,76.0,614 AM
Washington DC,2026-08-17,KXLOWTDC-26AUG17-B73.5,73.0,74.0,yes,0.01,0.0043,-0.0043,43.0,74.0,527 AM
Washington DC,2026-08-18,KXLOWTDC-26AUG18-B75.5,75.0,76.0,yes,4.79,1.6576,-1.6576,36.5,75.0,525 AM
Washington DC,2026-08-19,KXLOWTDC-26AUG19-B68.5,68.0,69.0,no,1.0,0.5,0.5,50.0,70.0,610 AM
Washington DC,2026-08-21,KXLOWTDC-26AUG21-B65.5,65.0,66.0,yes,32.0,9.05,-9.05,30.2,65.0,543 AM
Washington DC,2026-08-22,KXLOWTDC-26AUG22-B68.5,68.0,69.0,yes,4.01,1.8843999999999999,-1.8843999999999999,45.5,68.0,1159 PM
Washington DC,2026-08-22,KXLOWTDC-26AUG22-B70.5,70.0,71.0,no,8.0,2.49,5.51,31.666666666666668,68.0,1159 PM
Washington DC,2026-08-23,KXLOWTDC-26AUG23-B67.5,67.0,68.0,yes,4.0,1.71,-1.71,43.333333333333336,67.0,601 AM
